{
    "featured": [
      {
        "name": "Netflix",
        "image": "/assets/img/media/apps/netflix.webp",
        "url": "https://netflix.com"
      },
      {
        "name": "Now.gg",
        "image": "/assets/img/media/apps/nowgg.webp",
        "url": "https://nowgg.nl"
      },
      {
        "name": "YouTube",
        "image": "/assets/img/media/apps/youtube.webp",
        "url": "https://youtube.com"
      },
      {
        "name": "Twitch",
        "image": "/assets/img/media/apps/twitch.webp",
        "url": "https://twitch.tv"
      }
    ],
    "recent": [
      {
        "name": "WebRetro",
        "image": "/assets/img/media/apps/webretro.webp",
        "url": "https://binbashbanana.github.io/webretro/"
      },
      {
        "name": "Mathway",
        "image": "/assets/img/media/apps/mathway.webp",
        "url": "https://mathway.com"

      },
      {
        "name": "Google",
        "image": "/assets/img/media/apps/google.webp",
        "url": "https://google.com"
      },
      {
        "name": "Xbox Cloud Gaming",
        "image": "/assets/img/media/apps/xbox.webp",
        "url": "https://xbox.com/play"
      },
      {
        "name": "GeForce Now",
        "image": "/assets/img/media/apps/geforce.webp",
        "url": "https://play.geforcenow.com"
      }
    ]
  }